{
  "0": {
    "id": "0",
    "title": "Introduction",
    "content": "Introduction Introducing Montreal, a mini CSS library allowing you to quickly and easily create stylish news cards. Packed with a host of styling classes and custom properties, Montreal allows you extended control in crafting stylish news cards for your website. Simply load the CSS library into your project, add the element markup combined with the style classes of your choice to custom build your perfect news card. Features 4 alternative layouts 4 alternative hover styles 8 definable custom properties Animated hover effect Fully responsive across all devices Easily customized to your own perfect taste",
    "url": "http://localhost:4000/1A-introduction.html",
    "relUrl": "/1A-introduction.html"
  },
  "1": {
    "id": "1",
    "title": "Demo",
    "content": "Demo 10 Jan Sample News Title 378 Hits 28 Shares Lorem ipsum dolor sit amet consectetur adipisicing elit. Cumque quae culpa quas commodi mollitia vero, quia, deleniti iure illo quod est dolorem aspernatur. Architecto debitis, ut maxime maiores esse obcaecati. Read More 10 Jan Sample News Title Cras ornare tristique elit Lorem ipsum dolor sit amet consectetur adipisicing elit. Cumque quae culpa quas commodi mollitia vero, quia, deleniti iure illo quod est dolorem aspernatur. Architecto debitis, ut maxime maiores esse obcaecati. 378 Hits 28 Shares Read More Sample News Title Cras ornare tristique elit Lorem ipsum dolor sit amet consectetur adipisicing elit. Cumque quae culpa quas commodi mollitia vero, quia, deleniti iure illo quod est dolorem aspernatur. Architecto debitis, ut maxime maiores esse obcaecati. 378 Hits 28 Shares 10 Jan Sample News Title Cras ornare tristique elit Lorem ipsum dolor sit amet consectetur adipisicing elit. Cumque quae culpa quas commodi mollitia vero, quia, deleniti iure illo quod est dolorem aspernatur. Architecto debitis, ut maxime maiores esse obcaecati. 10 Jan Sample News Title Cras ornare tristique elit Lorem ipsum dolor sit amet consectetur adipisicing elit. Cumque quae culpa quas commodi mollitia vero, quia, deleniti iure illo quod est dolorem aspernatur. Architecto debitis, ut maxime maiores esse obcaecati. 10 Jan Sample News Title 378 Hits 28 Shares Lorem ipsum dolor sit amet consectetur adipisicing elit. Cumque quae culpa quas commodi mollitia vero, quia, deleniti iure illo quod est dolorem aspernatur. Architecto debitis, ut maxime maiores esse obcaecati. Read More Cras ornare tristique elit Sample News Title Lorem ipsum dolor sit amet consectetur adipisicing elit. Cumque quae culpa quas commodi mollitia vero, quia, deleniti iure illo quod est dolorem aspernatur. Architecto debitis, ut maxime maiores esse obcaecati. 378 Hits 28 Shares Sample News Title 378 Hits 28 Shares 10 Jan Sample News Title Cras ornare tristique elit Sample News Title Cras ornare tristique elit Lorem ipsum dolor sit amet consectetur adipisicing elit. Cumque quae culpa quas commodi mollitia vero, quia, deleniti iure illo quod est dolorem aspernatur. Architecto debitis, ut maxime maiores esse obcaecati. 378 Hits 28 Shares Sample News Title Cras ornare tristique elit Lorem ipsum dolor sit amet consectetur adipisicing elit. Cumque quae culpa quas commodi mollitia vero, quia, deleniti iure illo quod est dolorem aspernatur. Architecto debitis, ut maxime maiores esse obcaecati. 378 Hits 28 Shares",
    "url": "http://localhost:4000/1B-demo.html",
    "relUrl": "/1B-demo.html"
  },
  "2": {
    "id": "2",
    "title": "Getting Started",
    "content": "Getting Started Extract and copy the CSS files in the root of your download folder to your projects CSS folder. Include a link to the CSS your document’s &lt;head&gt; tags. We would suggest making this link the last of the CSS files linked. &lt;link rel=&quot;stylesheet&quot; href=&quot;css/montreal.min.css&quot;&gt; Use the following markup to create the most basic instance of an image hover element.. &lt;div class=&quot;c4-montreal c4-shadow&quot; style=&quot;max-width: 380px;&quot;&gt; &lt;div class=&quot;c4-montreal-image&quot;&gt; &lt;div class=&quot;c4-montreal-hover-icon&quot;&gt; &lt;svg aria-hidden=&quot;true&quot; xmlns=&quot;http://www.w3.org/2000/svg&quot; viewBox=&quot;0 0 448 512&quot;&gt;&lt;path d=&quot;M416 208H272V64c0-17.67-14.33-32-32-32h-32c-17.67 0-32 14.33-32 32v144H32c-17.67 0-32 14.33-32 32v32c0 17.67 14.33 32 32 32h144v144c0 17.67 14.33 32 32 32h32c17.67 0 32-14.33 32-32V304h144c17.67 0 32-14.33 32-32v-32c0-17.67-14.33-32-32-32z&quot;&gt;&lt;/path&gt;&lt;/svg&gt; &lt;/div&gt; &lt;img src=&quot;https://source.unsplash.com/FaPxZ88yZrw/400x300&quot; alt=&quot;Sample Image&quot;&gt; &lt;/div&gt; &lt;div class=&quot;c4-montreal-content&quot;&gt; &lt;h3&gt;Sample Title&lt;/h3&gt; &lt;p&gt;Lorem ipsum dolor sit amet, consectetur adipisicing elit. Corrupti vero assumenda aliquid voluptatibus quos vitae, ratione aut, maiores quo odio consectetur dolorum velit, recusandae, in. Non natus, beatae quos officiis.&lt;/p&gt; &lt;/div&gt; &lt;a href=&quot;#&quot; class=&quot;c4-montreal-link&quot;&gt;&lt;/a&gt; &lt;/div&gt; Sample Title Lorem ipsum dolor sit amet, consectetur adipisicing elit. Corrupti vero assumenda aliquid voluptatibus quos vitae, ratione aut, maiores quo odio consectetur dolorum velit, recusandae, in. Non natus, beatae quos officiis.",
    "url": "http://localhost:4000/1C-getting-started.html",
    "relUrl": "/1C-getting-started.html"
  },
  "3": {
    "id": "3",
    "title": "The Markup",
    "content": "The Markup The following details the markup used to create a instance of a Montreal news card along with some of the additional elements that are supported. A basic card can be created with the following HTML markup… &lt;div class=&quot;c4-montreal&quot;&gt; &lt;div class=&quot;c4-montreal-image&quot;&gt; &lt;img src=&quot;https://source.unsplash.com/FaPxZ88yZrw/400x300&quot; alt=&quot;Sample Image&quot;&gt; &lt;/div&gt; &lt;div class=&quot;c4-montreal-content&quot;&gt; &lt;p&gt;Lorem ipsum dolor sit amet, consectetuer adipiscing elit. Donec odio. Quisque volutpat mattis eros.&lt;/p&gt; &lt;/div&gt; &lt;/div&gt; Lorem ipsum dolor sit amet, consectetuer adipiscing elit. Donec odio. Quisque volutpat mattis eros. Hover icon To add an icon on hover of the card, add your icon code (eg. SVG) just before the img tag wrapped in the following.. &lt;div class=&quot;c4-montreal-hover-icon&quot;&gt; // Your icon code &lt;/div&gt; Hover icon example using SVG.. &lt;div class=&quot;c4-montreal&quot;&gt; &lt;div class=&quot;c4-montreal-image&quot;&gt; &lt;div class=&quot;c4-montreal-hover-icon&quot;&gt; &lt;svg aria-hidden=&quot;true&quot; xmlns=&quot;http://www.w3.org/2000/svg&quot; viewBox=&quot;0 0 448 512&quot;&gt;&lt;path d=&quot;M416 208H272V64c0-17.67-14.33-32-32-32h-32c-17.67 0-32 14.33-32 32v144H32c-17.67 0-32 14.33-32 32v32c0 17.67 14.33 32 32 32h144v144c0 17.67 14.33 32 32 32h32c17.67 0 32-14.33 32-32V304h144c17.67 0 32-14.33 32-32v-32c0-17.67-14.33-32-32-32z&quot;&gt;&lt;/path&gt;&lt;/svg&gt; &lt;/div&gt; &lt;img src=&quot;https://source.unsplash.com/FaPxZ88yZrw/400x300&quot; alt=&quot;Sample Image&quot;&gt; &lt;/div&gt; &lt;div class=&quot;c4-montreal-content&quot;&gt; &lt;p&gt;Lorem ipsum dolor sit amet, consectetuer adipiscing elit. Donec odio. Quisque volutpat mattis eros.&lt;/p&gt; &lt;/div&gt; &lt;/div&gt; Lorem ipsum dolor sit amet, consectetuer adipiscing elit. Donec odio. Quisque volutpat mattis eros. Hover icon example using Font Awesome.. &lt;div class=&quot;c4-montreal&quot;&gt; &lt;div class=&quot;c4-montreal-image&quot;&gt; &lt;div class=&quot;c4-montreal-hover-icon&quot;&gt; &lt;i class=&quot;fa fa-link&quot; aria-hidden=&quot;true&quot;&gt;&lt;/i&gt; &lt;/div&gt; &lt;img src=&quot;https://source.unsplash.com/FaPxZ88yZrw/400x300&quot; alt=&quot;Sample Image&quot;&gt; &lt;/div&gt; &lt;div class=&quot;c4-montreal-content&quot;&gt; &lt;p&gt;Lorem ipsum dolor sit amet, consectetuer adipiscing elit. Donec odio. Quisque volutpat mattis eros.&lt;/p&gt; &lt;/div&gt; &lt;/div&gt; Lorem ipsum dolor sit amet, consectetuer adipiscing elit. Donec odio. Quisque volutpat mattis eros. Date block Use the following markup to create a date block. Date blocks use the primary color for the top half and the secondary color for the bottom. &lt;div class=&quot;c4-montreal-date&quot;&gt; &lt;div class=&quot;c4-montreal-date-top&quot;&gt; 10 &lt;/div&gt; &lt;div class=&quot;c4-montreal-date-bottom&quot;&gt; Jan &lt;/div&gt; &lt;/div&gt; If placed within the .c4-montreal-image div, the date block will display over the image in the opposite corner to the ‘curve’ detail. &lt;div class=&quot;c4-montreal&quot;&gt; &lt;div class=&quot;c4-montreal-image&quot;&gt; &lt;div class=&quot;c4-montreal-date&quot;&gt; &lt;div class=&quot;c4-montreal-date-top&quot;&gt; 10 &lt;/div&gt; &lt;div class=&quot;c4-montreal-date-bottom&quot;&gt; Jan &lt;/div&gt; &lt;/div&gt; &lt;img src=&quot;https://source.unsplash.com/FaPxZ88yZrw/400x300&quot; alt=&quot;Sample Image&quot;&gt; &lt;/div&gt; &lt;div class=&quot;c4-montreal-content&quot;&gt; &lt;p&gt;Lorem ipsum dolor sit amet, consectetuer adipiscing elit. Donec odio. Quisque volutpat mattis eros.&lt;/p&gt; &lt;/div&gt; &lt;/div&gt; 10 Jan Lorem ipsum dolor sit amet, consectetuer adipiscing elit. Donec odio. Quisque volutpat mattis eros. Using the following markup you can place the date block inline with your caption header.. &lt;div class=&quot;c4-montreal-header&quot;&gt; &lt;div class=&quot;c4-montreal-header-col&quot;&gt; &lt;div class=&quot;c4-montreal-date&quot;&gt; &lt;div class=&quot;c4-montreal-date-top&quot;&gt; 10 &lt;/div&gt; &lt;div class=&quot;c4-montreal-date-bottom&quot;&gt; Jan &lt;/div&gt; &lt;/div&gt; &lt;/div&gt; &lt;div class=&quot;c4-montreal-header-col&quot;&gt; &lt;h2&gt;Sample News Title&lt;/h2&gt; &lt;/div&gt; &lt;/div&gt; Working example.. &lt;div class=&quot;c4-montreal&quot;&gt; &lt;div class=&quot;c4-montreal-image&quot;&gt; &lt;img src=&quot;https://source.unsplash.com/FaPxZ88yZrw/400x300&quot; alt=&quot;Sample Image&quot;&gt; &lt;/div&gt; &lt;div class=&quot;c4-montreal-content&quot;&gt; &lt;div class=&quot;c4-montreal-header&quot;&gt; &lt;div class=&quot;c4-montreal-header-col&quot;&gt; &lt;div class=&quot;c4-montreal-date&quot;&gt; &lt;div class=&quot;c4-montreal-date-top&quot;&gt; 10 &lt;/div&gt; &lt;div class=&quot;c4-montreal-date-bottom&quot;&gt; Jan &lt;/div&gt; &lt;/div&gt; &lt;/div&gt; &lt;div class=&quot;c4-montreal-header-col&quot;&gt; &lt;h2&gt;Sample News Title&lt;/h2&gt; &lt;h3 style=&quot;c4-color-primary&quot;&gt;Quisque volutpat&lt;/h3&gt; &lt;/div&gt; &lt;/div&gt; &lt;p&gt;Lorem ipsum dolor sit amet, consectetuer adipiscing elit. Donec odio. Quisque volutpat mattis eros.&lt;/p&gt; &lt;/div&gt; &lt;/div&gt; 10 Jan Sample News Title Quisque volutpat Lorem ipsum dolor sit amet, consectetuer adipiscing elit. Donec odio. Quisque volutpat mattis eros. Meta Info Add meta information to your card content with the following markup. &lt;ul class=&quot;c4-montreal-meta&quot;&gt; &lt;li&gt; // Meta item &lt;/li&gt; &lt;li&gt; // Meta item &lt;/li&gt; &lt;li&gt; // Meta item &lt;/li&gt; &lt;/ul&gt; An example using SVG icons, adding a c4-inline-svg class to the SVG tag.. &lt;div class=&quot;c4-montreal&quot;&gt; &lt;div class=&quot;c4-montreal-image&quot;&gt; &lt;img src=&quot;https://source.unsplash.com/FaPxZ88yZrw/400x300&quot; alt=&quot;Sample Image&quot;&gt; &lt;/div&gt; &lt;div class=&quot;c4-montreal-content&quot;&gt; &lt;h2&gt;Sample News Title&lt;/h2&gt; &lt;ul class=&quot;c4-montreal-meta&quot;&gt; &lt;li&gt; &lt;svg class=&quot;c4-inline-svg c4-color-primary&quot; xmlns=&quot;http://www.w3.org/2000/svg&quot; viewBox=&quot;0 0 576 512&quot;&gt;&lt;path d=&quot;M288 144a110.94 110.94 0 0 0-31.24 5 55.4 55.4 0 0 1 7.24 27 56 56 0 0 1-56 56 55.4 55.4 0 0 1-27-7.24A111.71 111.71 0 1 0 288 144zm284.52 97.4C518.29 135.59 410.93 64 288 64S57.68 135.64 3.48 241.41a32.35 32.35 0 0 0 0 29.19C57.71 376.41 165.07 448 288 448s230.32-71.64 284.52-177.41a32.35 32.35 0 0 0 0-29.19zM288 400c-98.65 0-189.09-55-237.93-144C98.91 167 189.34 112 288 112s189.09 55 237.93 144C477.1 345 386.66 400 288 400z&quot;&gt;&lt;/path&gt;&lt;/svg&gt; 378 Hits &lt;/li&gt; &lt;li&gt; &lt;svg class=&quot;c4-inline-svg c4-color-primary&quot; xmlns=&quot;http://www.w3.org/2000/svg&quot; viewBox=&quot;0 0 448 512&quot;&gt;&lt;path fill=&quot;currentColor&quot; d=&quot;M352 320c-22.608 0-43.387 7.819-59.79 20.895l-102.486-64.054a96.551 96.551 0 0 0 0-41.683l102.486-64.054C308.613 184.181 329.392 192 352 192c53.019 0 96-42.981 96-96S405.019 0 352 0s-96 42.981-96 96c0 7.158.79 14.13 2.276 20.841L155.79 180.895C139.387 167.819 118.608 160 96 160c-53.019 0-96 42.981-96 96s42.981 96 96 96c22.608 0 43.387-7.819 59.79-20.895l102.486 64.054A96.301 96.301 0 0 0 256 416c0 53.019 42.981 96 96 96s96-42.981 96-96-42.981-96-96-96z&quot;&gt;&lt;/path&gt;&lt;/svg&gt; 28 Shares &lt;/li&gt; &lt;/ul&gt; &lt;p&gt;Lorem ipsum dolor sit amet, consectetuer adipiscing elit. Donec odio. Quisque volutpat mattis eros.&lt;/p&gt; &lt;/div&gt; &lt;/div&gt; Sample News Title 378 Hits 28 Shares Lorem ipsum dolor sit amet, consectetuer adipiscing elit. Donec odio. Quisque volutpat mattis eros. An example using Fontawesome icons.. &lt;div class=&quot;c4-montreal&quot;&gt; &lt;div class=&quot;c4-montreal-image&quot;&gt; &lt;img src=&quot;https://source.unsplash.com/FaPxZ88yZrw/400x300&quot; alt=&quot;Sample Image&quot;&gt; &lt;/div&gt; &lt;div class=&quot;c4-montreal-content&quot;&gt; &lt;h2&gt;Sample News Title&lt;/h2&gt; &lt;ul class=&quot;c4-montreal-meta&quot;&gt; &lt;li&gt; &lt;i class=&quot;fa fa-eye c4-color-primary&quot; aria-hidden=&quot;true&quot;&gt;&lt;/i&gt; 378 Hits &lt;/li&gt; &lt;li&gt; &lt;i class=&quot;fa fa-share-alt c4-color-primary&quot; aria-hidden=&quot;true&quot;&gt;&lt;/i&gt; 28 Shares &lt;/li&gt; &lt;/ul&gt; &lt;p&gt;Lorem ipsum dolor sit amet, consectetuer adipiscing elit. Donec odio. Quisque volutpat mattis eros.&lt;/p&gt; &lt;/div&gt; &lt;/div&gt; Sample News Title 378 Hits 28 Shares Lorem ipsum dolor sit amet, consectetuer adipiscing elit. Donec odio. Quisque volutpat mattis eros. Card footer A card footer is created with the following markup using the c4-montreal-footer class. This div is added as a first child of the outside .c4-montreal div. &lt;div class=&quot;c4-montreal-footer&quot;&gt; &lt;p&gt;Lorem ipsum dolor&lt;/p&gt; &lt;/div&gt; Working example.. &lt;div class=&quot;c4-montreal&quot;&gt; &lt;div class=&quot;c4-montreal-image&quot;&gt; &lt;img src=&quot;https://source.unsplash.com/FaPxZ88yZrw/400x300&quot; alt=&quot;Sample Image&quot;&gt; &lt;/div&gt; &lt;div class=&quot;c4-montreal-content&quot;&gt; &lt;h2&gt;Sample News Title&lt;/h2&gt; &lt;p&gt;Lorem ipsum dolor sit amet, consectetuer adipiscing elit. Donec odio. Quisque volutpat mattis eros.&lt;/p&gt; &lt;/div&gt; &lt;div class=&quot;c4-montreal-footer&quot;&gt; &lt;p&gt;Some footer text&lt;/p&gt; &lt;/div&gt; &lt;/div&gt; Sample News Title Lorem ipsum dolor sit amet, consectetuer adipiscing elit. Donec odio. Quisque volutpat mattis eros. Some footer text Linking a card To link your card use the following markup as the last child of the outside wrapper of the card. &lt;a href=&quot;#&quot; class=&quot;c4-montreal-link&quot;&gt;&lt;/a&gt; Working example.. &lt;div class=&quot;c4-montreal&quot;&gt; &lt;div class=&quot;c4-montreal-image&quot;&gt; &lt;img src=&quot;https://source.unsplash.com/FaPxZ88yZrw/400x300&quot; alt=&quot;Sample Image&quot;&gt; &lt;/div&gt; &lt;div class=&quot;c4-montreal-content&quot;&gt; &lt;h2&gt;Sample News Title&lt;/h2&gt; &lt;p&gt;Lorem ipsum dolor sit amet, consectetuer adipiscing elit. Donec odio. Quisque volutpat mattis eros.&lt;/p&gt; &lt;/div&gt; &lt;a href=&quot;https://dribbble.com/&quot; class=&quot;c4-montreal-link&quot;&gt;&lt;/a&gt; &lt;/div&gt; Sample News Title Lorem ipsum dolor sit amet, consectetuer adipiscing elit. Donec odio. Quisque volutpat mattis eros.",
    "url": "http://localhost:4000/2A-markup.html",
    "relUrl": "/2A-markup.html"
  },
  "4": {
    "id": "4",
    "title": "Layout",
    "content": "Layout This CSS library include some layout options to choose from. These are applied by adding the layout class or classes to the outside div of the card. In the following example we are applying the c4-montreal-layout-column c4-montreal-layout-invert classes. &lt;div class=&quot;c4-montreal c4-montreal-layout-column c4-montreal-layout-invert&quot;&gt; &lt;div class=&quot;c4-montreal-image&quot;&gt; &lt;img src=&quot;https://source.unsplash.com/FaPxZ88yZrw/400x300&quot; alt=&quot;Sample Image&quot;&gt; &lt;/div&gt; &lt;div class=&quot;c4-montreal-content&quot;&gt; &lt;h3&gt;Sample Title&lt;/h3&gt; &lt;p&gt;Lorem ipsum dolor sit amet, consectetur adipisicing elit. Corrupti vero assumenda aliquid voluptatibus quos vitae, ratione aut, maiores quo odio consectetur dolorum velit, recusandae, in. Non natus, beatae quos officiis.&lt;/p&gt; &lt;/div&gt; &lt;/div&gt; Layout Classes Lorem ipsum dolor sit amet, consectetur adipisicing elit. Corrupti vero assumenda aliquid voluptatibus quos vitae. Lorem ipsum dolor sit amet, consectetur adipisicing elit. Corrupti vero assumenda aliquid voluptatibus quos vitae. Lorem ipsum dolor sit amet, consectetur adipisicing elit. Corrupti vero assumenda aliquid voluptatibus quos vitae. c4-montreal-layout-column Lorem ipsum dolor sit amet, consectetur adipisicing elit. Corrupti vero assumenda aliquid voluptatibus quos vitae. Lorem ipsum dolor sit amet, consectetur adipisicing elit. Corrupti vero assumenda aliquid voluptatibus quos vitae. c4-montreal-layout-row Lorem ipsum dolor sit amet, consectetur adipisicing elit. Corrupti vero assumenda aliquid voluptatibus quos vitae. Lorem ipsum dolor sit amet, consectetur adipisicing elit. Corrupti vero assumenda aliquid voluptatibus quos vitae. Lorem ipsum dolor sit amet, consectetur adipisicing elit. Corrupti vero assumenda aliquid voluptatibus quos vitae. c4-montreal-layout-column c4-montreal-layout-invert Lorem ipsum dolor sit amet, consectetur adipisicing elit. Corrupti vero assumenda aliquid voluptatibus quos vitae. Lorem ipsum dolor sit amet, consectetur adipisicing elit. Corrupti vero assumenda aliquid voluptatibus quos vitae. c4-montreal-layout-row c4-montreal-layout-invert",
    "url": "http://localhost:4000/2B-layout.html",
    "relUrl": "/2B-layout.html"
  },
  "5": {
    "id": "5",
    "title": "Curve Options",
    "content": "Curve Options Included is a number of options for the styling of the curved detail at one corner of the image. These are applied by adding a image style class to the outside div of the card. In the following example we are applying the c4-montreal-curve-top-left class. &lt;div class=&quot;c4-montreal c4-montreal-curve-top-left&quot;&gt; &lt;div class=&quot;c4-montreal-image&quot;&gt; &lt;img src=&quot;https://source.unsplash.com/FaPxZ88yZrw/400x300&quot; alt=&quot;Sample Image&quot;&gt; &lt;/div&gt; &lt;div class=&quot;c4-montreal-content&quot;&gt; &lt;h3&gt;Sample Title&lt;/h3&gt; &lt;p&gt;Lorem ipsum dolor sit amet, consectetur adipisicing elit. Corrupti vero assumenda aliquid voluptatibus quos vitae, ratione aut, maiores quo odio consectetur dolorum velit, recusandae, in. Non natus, beatae quos officiis.&lt;/p&gt; &lt;/div&gt; &lt;/div&gt; Curve Classes 10 Jan Lorem ipsum dolor sit amet, consectetur adipisicing elit. Corrupti vero assumenda aliquid voluptatibus quos vitae. c4-montreal-curve-top-left 14 Feb Lorem ipsum dolor sit amet, consectetur adipisicing elit. Corrupti vero assumenda aliquid voluptatibus quos vitae. c4-montreal-curve-bottom-right 22 Mar Lorem ipsum dolor sit amet, consectetur adipisicing elit. Corrupti vero assumenda aliquid voluptatibus quos vitae. c4-montreal-curve-bottom-left 28 Apr Lorem ipsum dolor sit amet, consectetur adipisicing elit. Corrupti vero assumenda aliquid voluptatibus quos vitae. c4-montreal-curve-top-right",
    "url": "http://localhost:4000/2C-curve-options.html",
    "relUrl": "/2C-curve-options.html"
  },
  "6": {
    "id": "6",
    "title": "Custom Properties",
    "content": "Defining Custom Properties Key variables of the CSS library can be set using https://developer.mozilla.org/en-US/docs/Web/CSS/–* either globally or inline within a single or selected number of elements. Defining custom properties globally The following example shows how custom properties can be defined globally across your project. Ensure that such CSS is loaded after the library CSS. .c4-montreal { --primary-color: #F6CD14; --secondary-color: #D0206E; } Defining custom properties inline This example shows how custom properties can be defined inline within a single element. These can be defined inline within the &lt;figure or to a containing div if you wish to define properties to a group elements. &lt;div class=&quot;c4-montreal c4-montreal-layout-column c4-shadow&quot; style=&quot; --primary-color: #71B280; --secondary-color: #134E5E; --text-color: #fff; --bg-color: #111; --bg-color-footer: #444; &quot;&gt; &lt;div class=&quot;c4-montreal-image&quot;&gt; &lt;div class=&quot;c4-montreal-date&quot;&gt; &lt;div class=&quot;c4-montreal-date-top&quot;&gt; 10 &lt;/div&gt; &lt;div class=&quot;c4-montreal-date-bottom&quot;&gt; Jan &lt;/div&gt; &lt;/div&gt; &lt;div class=&quot;c4-montreal-hover-icon&quot;&gt; &lt;svg aria-hidden=&quot;true&quot; xmlns=&quot;http://www.w3.org/2000/svg&quot; viewBox=&quot;0 0 448 512&quot;&gt;&lt;path d=&quot;M416 208H272V64c0-17.67-14.33-32-32-32h-32c-17.67 0-32 14.33-32 32v144H32c-17.67 0-32 14.33-32 32v32c0 17.67 14.33 32 32 32h144v144c0 17.67 14.33 32 32 32h32c17.67 0 32-14.33 32-32V304h144c17.67 0 32-14.33 32-32v-32c0-17.67-14.33-32-32-32z&quot;&gt;&lt;/path&gt;&lt;/svg&gt; &lt;/div&gt; &lt;img src=&quot;assets/images/image06.jpg&quot; alt=&quot;Sample Image&quot;&gt; &lt;/div&gt; &lt;div class=&quot;c4-montreal-content&quot;&gt; &lt;h2&gt;Sample News Title&lt;/h2&gt; &lt;h3 class=&quot;c4-color-primary&quot;&gt;Cras ornare tristique elit&lt;/h3&gt; &lt;p&gt;Lorem ipsum dolor sit amet consectetur adipisicing elit. Cumque quae culpa quas commodi mollitia vero, quia, deleniti iure illo quod est dolorem aspernatur. Architecto debitis, ut maxime maiores esse obcaecati.&lt;/p&gt; &lt;div class=&quot;c4-montreal-footer&quot;&gt; &lt;a href=&quot;#&quot;&gt;Read More&lt;/a&gt; &lt;/div&gt; &lt;/div&gt; &lt;a href=&quot;#&quot; class=&quot;c4-montreal-link&quot;&gt;&lt;/a&gt; &lt;/div&gt; 10 Jan Sample News Title Cras ornare tristique elit Lorem ipsum dolor sit amet consectetur adipisicing elit. Cumque quae culpa quas commodi mollitia vero, quia, deleniti iure illo quod est dolorem aspernatur. Architecto debitis, ut maxime maiores esse obcaecati. Read More --text-color Type: Color Default: #555555 Defines the text color within the figcaption area. --primary-color Type: Color Default: #00B4DB Defines the primary color. --secondary-color Type: Color Default: #0083B0 Defines the secondary color. --style-radius Type: Length Default: 35% Defines the radius to the image style curve. --padding Type: Length Default: 25px Defines the padding of the text area (c4-montreal-content). --image-row-width Type: Length Default: 50% Defines the width of the image when using c4-montreal-layout-row. --border-radius Type: Length Default: 3px Defines the outside border radius of the card. --transition-duration Type: Time Default: 600ms Defines the duration of the animation on hover.",
    "url": "http://localhost:4000/2D-custom-properties.html",
    "relUrl": "/2D-custom-properties.html"
  },
  "7": {
    "id": "7",
    "title": "Utility Classes",
    "content": "Utility Classes This library includes some simply utility classes. These classes allow you to apply simple CSS properties on individual elements. &lt;h3 class=&quot;c4-text-align-center&quot;&gt;Sample Title&lt;/h3&gt; c4-text-align-left Type: text-align Align text element to the left. c4-text-align-center Type: text-align Align text element to center. c4-text-align-right Type: text-align Align text element to the left. c4-color-primary Type: color Apply primary color to element. c4-color-secondary Type: color Apply secondary color to element. c4-shadow Type: box-shadow Apply box-shadow to element. c4-inline-svg Sizes an SVG inline with surrounding elements. c4-ml-auto Type: margin-left Set margin-left of element to auto. Usefull for pushing element to the right inside a flex container (eg footer). c4-mr-auto Type: margin-right Set margin-right of element to auto. Usefull for pushing element to the left inside a flex container (eg footer).",
    "url": "http://localhost:4000/2E-utility-classes.html",
    "relUrl": "/2E-utility-classes.html"
  }
  
}
